products,k,knn_time,ann_time,pct_overlap
1000,10,317.264154,0.070076,0.9973
1000,100,328.329048,0.16083699999999998,0.99998
10000,10,3631.279902,0.67328,0.97825
10000,100,3860.5550299999995,2.90081,0.9994160000000002
100000,10,35636.506338,13.419513,0.9635370000000001
100000,100,40334.894742000004,84.812087,0.9955604
527543,10,222900.14785100002,85.357864,0.9350807422333346
527543,100,243439.20718899998,634.716238,0.9926234259576944
